{
   "client Id":[
     "2015928750.14592",
     "1281707342.14671",
     "537857836.146706",
     "414414255.146798",
     "612680677.146741",
     "612680677.146741",
     "268113413.146855",
     "792525876.146863",
     "438284908.146858",
     "1499392351.14686"
   ],

   "sessions":[
     58,
     16,
     14,
     11,
     9,
     8,
     7,
     6,
     6,
     6
   ],

   "Avg. Session Duration":[
     "1/1/1904  12:26:55 AM",
     "1/1/1904  12:08:46 AM",
     "1/1/1904  12:01:03 AM",
     "1/1/1904  12:04:09 AM",
     "1/1/1904  12:01:39 AM",
     "1/1/1904  12:07:49 AM",
     "1/1/1904  12:06:21 AM",
     "1/1/1904  12:00:07 AM",
     "1/1/1904  12:00:45 AM",
     "1/1/1904  12:05:46 AM"
   ],

   "Bounce Rate":[
     13.79,
     18.75,
     50,
     72.73,
     66.67,
     0,
     42.86,
     83.33,
     88.33,
     33.33
   ]

}